3,Create post from Postman,It's amazing!,t,2025-01-23 18:31:45.288419+04
1,hey this is my updated title,this my updated content,t,2025-01-23 17:13:31.550936+04
2,the new updated title,This is the new content of post 1,t,2025-01-23 17:23:00.882147+04
9,Create one more post from Postman again,It's again so amazing!,t,2025-01-24 10:00:42.180804+04
8,the new updated title for this post,This is the new content of this post,t,2025-01-24 10:00:12.075766+04
10,the new updated title for this new post,This is the new interesting content of this post,t,2025-01-24 10:15:52.789504+04
12,Just to test I create another post using the new class,It's again so amazing!,t,2025-01-24 10:28:30.686423+04
13,Just to test I create another one post using the new class,amazing!,t,2025-01-24 10:29:06.73351+04
14,The new one,Beautiful girls live nearby,t,2025-01-24 13:05:01.670533+04
11,An updated title for this post,This is the new interesting content of this post,t,2025-01-24 10:20:35.398218+04
15,And the new one,Beautiful girls live near my house,t,2025-01-24 13:12:40.282405+04
16,And the new one,Beautiful girls live near my house,t,2025-01-24 13:12:44.287843+04
17,And the new one,Beautiful girls live near my house,t,2025-01-24 13:13:22.964623+04
18,And the new one,Beautiful girls live near my house,t,2025-01-24 13:16:06.367047+04
19,And the new one,Beautiful girls live near my house,t,2025-01-24 13:19:21.19172+04
20,And the new one,Beautiful girls live near my house,t,2025-01-24 13:20:24.594284+04
23,And the new one,Beautiful girls live near my house,t,2025-01-24 13:23:01.481119+04
21,An updated title is post lkjlkj,This is the new interesting content of this post khklh,t,2025-01-24 13:22:46.736213+04
